,Year,Industry
0,1990,0.03348
1,1991,0.03274
2,1992,0.03299
3,1993,0.03484
4,1994,0.03631
5,1995,0.03708
6,1996,0.03731
7,1997,0.03856
8,1998,0.03946
9,1999,0.04024
10,2000,0.04145
11,2001,0.04161
12,2002,0.04316
13,2003,0.04335
14,2004,0.04589
15,2005,0.04619
16,2006,0.04685
17,2007,0.04551
18,2008,0.04142
19,2009,0.02961
20,2010,0.03145
21,2011,0.03221
22,2012,0.03527
23,2013,0.03637
24,2014,0.03944
25,2015,0.03991
26,2016,0.03944
27,2017,0.04032
28,2018,0.04121
